supplier,item_code,qty_canonical,unit,unit_price_ex_gst,line_total_ex_gst,flags,note
A_Harbour,FRM-9045-H12,1200.0,lm,6.12,7342.0,unit:length→lm,
A_Harbour,FRM-9045-H32,182.4,lm,8.04,1466.8,unit:length→lm,
A_Harbour,FRM-14045-H12,240.0,lm,12.04,2889.2,unit:length→lm,
A_Harbour,FRM-19045-H12,96.0,lm,12.64,1213.8,unit:length→lm,
A_Harbour,LVL-24045,36,lm,36.36,1308.96,,
A_Harbour,GIB-STD-10,180,sheet,27.88,5018.4,,
A_Harbour,GIB-AQ-10,24,sheet,53.62,1286.88,,
A_Harbour,GIB-BL-10,30,sheet,45.0,1350.0,,
A_Harbour,JNT-COMP,10,pail,21.7,217.0,,
A_Harbour,INS-R26,28,pack,99.56,2787.68,substitution,"Pink Batts Narrow Ultra R2.6 offered instead of Earthwool; coverage per pack differs, check m2"
A_Harbour,INS-R32,12,pack,122.92,1475.04,,
A_Harbour,WRAP-403,6,roll,203.12,1218.72,,
A_Harbour,WB-180,422.1,lm,12.93,5457.82,unit:length→lm,
A_Harbour,CONC-20,60,bag,8.92,535.2,,
A_Harbour,MESH-665,14,sheet,80.01,1120.14,arithmetic: ext price ≠ qty×unit,"Sheet shows ext 11201.4, should be 1120.14"
A_Harbour,STR-D12,80,each,9.27,741.6,,
A_Harbour,CHAIR-5065,4,pack,51.41,205.64,,
A_Harbour,NAIL-75-BR,8,box,51.4,411.2,,
A_Harbour,NAIL-75-HDG,3,box,109.42,328.26,,
A_Harbour,SEAL-123,24,tube,16.97,407.28,,
B_Northshore,FRM-9045-H12,1200,lm,6.52,7826.09,gst:incl→ex,
B_Northshore,FRM-9045-H32,180,lm,8.33,1499.48,gst:incl→ex,
B_Northshore,FRM-14045-H12,240,lm,13.7,3289.04,gst:incl→ex,
B_Northshore,FRM-19045-H12,96,lm,12.97,1245.5,gst:incl→ex,
B_Northshore,LVL-24045,36,lm,40.29,1450.33,gst:incl→ex,
B_Northshore,GIB-STD-10,180,sheet,30.68,5522.09,gst:incl→ex; unit:m2→sheet (2.88 m2/sheet),
B_Northshore,GIB-AQ-10,24,sheet,59.77,1434.37,gst:incl→ex; typo: unit price ×10,"PDF shows 687.3, plausible value 68.73 incl GST"
B_Northshore,GIB-BL-10,30,sheet,49.24,1477.3,gst:incl→ex,
B_Northshore,JNT-COMP,10,pail,22.97,229.65,gst:incl→ex,
B_Northshore,INS-R26,28,pack,108.51,3038.37,gst:incl→ex,
B_Northshore,INS-R32,12,pack,125.01,1500.1,gst:incl→ex,
B_Northshore,WRAP-403,6,roll,209.89,1259.32,gst:incl→ex,
B_Northshore,WB-180,420,lm,13.68,5744.87,gst:incl→ex,
B_Northshore,CONC-20,60,bag,8.7,522.26,gst:incl→ex,
B_Northshore,MESH-665,14,sheet,80.7,1129.74,gst:incl→ex,
B_Northshore,STR-D12,80,each,9.62,769.39,gst:incl→ex,
B_Northshore,CHAIR-5065,,pack,,,missing: N/Q,
B_Northshore,NAIL-75-BR,8,box,55.31,442.5,gst:incl→ex,
B_Northshore,NAIL-75-HDG,3,box,122.13,366.39,gst:incl→ex,
B_Northshore,SEAL-123,,tube,,,missing: N/Q,
B_Northshore,EXTRA-DELIVERY,1,each,160.87,160.87,extra charge not in RFQ,Delivery $185 incl GST
C_KiwiFrame,FRM-9045-H12,1100,lm,5.75,6325.0,gst:unstated (assumed ex); qty short: 1100 of 1200 lm,balance 100 lm in ~2 weeks
C_KiwiFrame,FRM-9045-H32,180,lm,7.49,1348.2,gst:unstated (assumed ex),
C_KiwiFrame,FRM-14045-H12,240,lm,11.61,2786.4,gst:unstated (assumed ex),
C_KiwiFrame,FRM-19045-H12,96,lm,11.72,1125.12,gst:unstated (assumed ex),
C_KiwiFrame,LVL-24045,36,lm,55.43,1995.48,gst:unstated (assumed ex); price outlier (~+45% vs others),3 week lead time
C_KiwiFrame,WB-180,420,lm,12.96,5443.2,gst:unstated (assumed ex),
C_KiwiFrame,NAIL-75-BR+NAIL-75-HDG+SEAL-123,,,,980.0,lump sum: cannot split per item; gst unstated,fixings package $980
C_KiwiFrame,GIB-STD-10,,sheet,,,missing: not in supplier range,
C_KiwiFrame,GIB-AQ-10,,sheet,,,missing: not in supplier range,
C_KiwiFrame,GIB-BL-10,,sheet,,,missing: not in supplier range,
C_KiwiFrame,JNT-COMP,,pail,,,missing: not in supplier range,
C_KiwiFrame,INS-R26,,pack,,,missing: not in supplier range,
C_KiwiFrame,INS-R32,,pack,,,missing: not in supplier range,
C_KiwiFrame,WRAP-403,,roll,,,missing: not in supplier range,
C_KiwiFrame,CONC-20,,bag,,,missing: not in supplier range,
C_KiwiFrame,MESH-665,,sheet,,,missing: not in supplier range,
C_KiwiFrame,STR-D12,,each,,,missing: not in supplier range,
C_KiwiFrame,CHAIR-5065,,pack,,,missing: not in supplier range,
D_Huaxin,FRM-9045-H12,1200,lm,6.09,7304.35,gst:incl→ex; rounded to $1,
D_Huaxin,FRM-9045-H32,180,lm,7.83,1408.7,gst:incl→ex; rounded to $1,
D_Huaxin,FRM-14045-H12,240,lm,13.04,3130.43,gst:incl→ex; rounded to $1,
D_Huaxin,FRM-19045-H12,96,lm,12.17,1168.7,gst:incl→ex; rounded to $1,
D_Huaxin,LVL-24045,36,lm,38.26,1377.39,gst:incl→ex; rounded to $1,
D_Huaxin,GIB-STD-10,180,sheet,30.43,5478.26,gst:incl→ex; rounded to $1,
D_Huaxin,GIB-AQ-10,24,sheet,58.26,1398.26,gst:incl→ex; rounded to $1,
D_Huaxin,GIB-BL-10,30,sheet,46.09,1382.61,gst:incl→ex; rounded to $1,
D_Huaxin,JNT-COMP,10,pail,22.61,226.09,gst:incl→ex; rounded to $1,
D_Huaxin,INS-R26,28,pack,106.09,2970.43,gst:incl→ex; rounded to $1,
D_Huaxin,INS-R32,12,pack,130.43,1565.22,gst:incl→ex; rounded to $1,
D_Huaxin,WRAP-403,6,roll,203.48,1220.87,gst:incl→ex; rounded to $1,
D_Huaxin,CONC-20,60,bag,8.7,521.74,gst:incl→ex; rounded to $1,
D_Huaxin,MESH-665,14,sheet,78.88,1104.35,gst:incl→ex; total only (unit price derived); rounded,
D_Huaxin,STR-D12,80,each,9.57,765.22,gst:incl→ex; rounded to $1,
D_Huaxin,CHAIR-5065,4,pack,48.7,194.78,gst:incl→ex; rounded to $1,
D_Huaxin,NAIL-75-BR,8,box,57.39,459.13,gst:incl→ex; rounded to $1,
D_Huaxin,NAIL-75-HDG,3,box,120.87,362.61,gst:incl→ex; rounded to $1,
D_Huaxin,SEAL-123,24,tube,16.52,396.52,gst:incl→ex; rounded to $1,
D_Huaxin,WB-180,,lm,,,missing: not mentioned,
