item_code,description,retail_price_incl_gst,retail_unit,canonical_unit,ref_price_ex_gst_per_canonical_unit,source,retrieved
FRM-9045-H12,90x45 SG8 H1.2 KD radiata framing,47.31,6.0m length,lm,6.86,https://www.bunnings.co.nz/products/building-hardware/timber/framing-timber,2026-09-26
FRM-9045-H32,90x45 SG8 H3.2 KD radiata framing,49.25,4.8m length,lm,8.92,https://www.bunnings.co.nz/products/building-hardware/timber/framing-timber,2026-09-26
FRM-14045-H12,140x45 SG8 H1.2 KD radiata framing,97.08,6.0m length,lm,14.07,https://www.bunnings.co.nz/products/building-hardware/timber/framing-timber,2026-09-26
FRM-19045-H12,190x45 SG8 H1.2 KD radiata framing,77.94,4.8m length,lm,14.12,https://www.bunnings.co.nz/products/building-hardware/timber/framing-timber,2026-09-26
LVL-24045,240x45 LVL11 H1.2 beam,49.56,per lm,lm,43.1,https://www.bunnings.co.nz/products/building-hardware/timber/framing-timber,2026-09-26
GIB-STD-10,GIB Standard 10mm 2400x1200,36.72,sheet,sheet,31.93,https://www.bunnings.co.nz/gib-10x2400x1200mm-standard-plasterboard-2400mm_p0299316,2026-09-26
GIB-AQ-10,GIB Aqualine 10mm 2400x1200,73.04,sheet,sheet,63.51,https://www.bunnings.co.nz/products/building-hardware/building-boards/plaster-accessories/plasterboards-cladding,2026-09-26
GIB-BL-10,GIB Braceline 10mm 2400x1200,58.77,sheet,sheet,51.1,https://www.bunnings.co.nz/products/building-hardware/building-boards/plaster-accessories/plasterboards-cladding,2026-09-26
JNT-COMP,Hamilton all purpose joint compound 3.3L,28.18,pail,pail,24.5,https://www.bunnings.co.nz/products/building-hardware/building-boards/plaster-accessories/plasterboards-cladding,2026-09-26
INS-R26,Earthwool R2.6 90mm wall batts 9.4m2,131.49,pack,pack,114.34,https://www.bunnings.co.nz/products/building-hardware/insulation/insulation-batts,2026-09-26
INS-R32,Pink Batts Ultra R3.2 wall 9.6m2,161.94,pack,pack,140.82,https://www.bunnings.co.nz/products/building-hardware/insulation/insulation-batts,2026-09-26
WRAP-403,Thermakraft Covertek 403 Plus 1350x37m (50m2),266.8,roll,roll,232.0,https://www.bunnings.co.nz/products/building-hardware/insulation/insulation-batts,2026-09-26
WB-180,180x18 H3.1 pre-primed FJ pine bevel-back weatherboard,17.28,per lm,lm,15.03,https://www.bunnings.co.nz/products/building-hardware/building-boards/cladding-weatherboards/weatherboards,2026-09-26
CONC-20,Cemix Multicrete 20kg bag,11.24,bag,bag,9.77,https://www.bunnings.co.nz/products/building-hardware/cement-concreting/concrete,2026-09-26
MESH-665,665 reinforcing mesh sheet,102.53,sheet,sheet,89.16,https://www.bunnings.co.nz/products/building-hardware/cement-concreting/reinforcing/mesh,2026-09-26
STR-D12,D12 x 1200 hook starter bar,12.39,each,each,10.77,https://www.bunnings.co.nz/products/building-hardware/cement-concreting/reinforcing/mesh,2026-09-26
CHAIR-5065,50/65 bar/mesh chair 100 pack,64.24,pack,pack,55.86,https://www.bunnings.co.nz/products/building-hardware/cement-concreting/reinforcing/mesh,2026-09-26
NAIL-75-BR,75x3.06 bright collated framing nails 3000 box,69.95,box,box,60.83,https://www.bunnings.co.nz/products/building-hardware/fasteners-fixings/collated-fasteners/nail-gun-nails,2026-09-26
NAIL-75-HDG,75x3.06 HDG collated framing nails 3000 box,149.0,box,box,129.57,https://www.bunnings.co.nz/products/building-hardware/fasteners-fixings/collated-fasteners/nail-gun-nails,2026-09-26
SEAL-123,Sikaflex-123 MS bond sealer 300ml,21.95,tube,tube,19.09,https://www.bunnings.co.nz/sika-300ml-white-sikaflex-123-ms-bond-sealer-adhesive_p0110455,2026-09-26
