item_code,description,unit,qty
FRM-9045-H12,90x45 SG8 H1.2 KD radiata framing,lm,1200
FRM-9045-H32,90x45 SG8 H3.2 KD radiata framing,lm,180
FRM-14045-H12,140x45 SG8 H1.2 KD radiata framing,lm,240
FRM-19045-H12,190x45 SG8 H1.2 KD radiata framing,lm,96
LVL-24045,240x45 LVL11 H1.2 beam,lm,36
GIB-STD-10,GIB Standard 10mm 2400x1200,sheet,180
GIB-AQ-10,GIB Aqualine 10mm 2400x1200,sheet,24
GIB-BL-10,GIB Braceline 10mm 2400x1200,sheet,30
JNT-COMP,Hamilton all purpose joint compound 3.3L,pail,10
INS-R26,Earthwool R2.6 90mm wall batts 9.4m2,pack,28
INS-R32,Pink Batts Ultra R3.2 wall 9.6m2,pack,12
WRAP-403,Thermakraft Covertek 403 Plus 1350x37m (50m2),roll,6
WB-180,180x18 H3.1 pre-primed FJ pine bevel-back weatherboard,lm,420
CONC-20,Cemix Multicrete 20kg bag,bag,60
MESH-665,665 reinforcing mesh sheet,sheet,14
STR-D12,D12 x 1200 hook starter bar,each,80
CHAIR-5065,50/65 bar/mesh chair 100 pack,pack,4
NAIL-75-BR,75x3.06 bright collated framing nails 3000 box,box,8
NAIL-75-HDG,75x3.06 HDG collated framing nails 3000 box,box,3
SEAL-123,Sikaflex-123 MS bond sealer 300ml,tube,24
